{
    "page": "1",
    "total": 2,
    "records": "13",
    "rows": [
        {
            "id": "1",
            "cell": [
                "1",
                "2007-10-01",
                "Client 1",
                "100.00",
                "20.00",
                "note 1"
            ]
        },
        {
            "id": "3",
            "cell": [
                "3",
                "2007-10-02",
                "Client 2",
                "300.00",
                "60.00",
                "note invoice 3 & and amp test"
            ]
        },
        {
            "id": "2",
            "cell": [
                "2",
                "2007-10-03",
                "Client 1",
                "200.00",
                "40.00",
                "note 2"
            ]
        },
        {
            "id": "4",
            "cell": [
                "4",
                "2007-10-04",
                "Client 3",
                "150.00",
                "0.00",
                "no tax"
            ]
        },
        {
            "id": "6",
            "cell": [
                "6",
                "2007-10-05",
                "Client 1",
                "50.00",
                "10.00",
                ""
            ]
        },
        {
            "id": "5",
            "cell": [
                "5",
                "2007-10-05",
                "Client 3",
                "100.00",
                "0.00",
                "no tax at all"
            ]
        },
        {
            "id": "7",
            "cell": [
                "7",
                "2007-10-05",
                "Client 2",
                "120.00",
                "12.00",
                null
            ]
        },
        {
            "id": "11",
            "cell": [
                "11",
                "2007-10-06",
                "Client 1",
                "600.00",
                "120.00",
                null
            ]
        },
        {
            "id": "9",
            "cell": [
                "9",
                "2007-10-06",
                "Client 1",
                "200.00",
                "40.00",
                null
            ]
        },
        {
            "id": "13",
            "cell": [
                "13",
                "2007-10-06",
                "Client 3",
                "1000.00",
                "0.00",
                null
            ]
        },
        {
            "id": "10",
            "cell": [
                "10",
                "2007-10-06",
                "Client 2",
                "100.00",
                "20.00",
                null
            ]
        },
        {
            "id": "9",
            "cell": [
                "9",
                "2007-10-06",
                "Client 1",
                "200.00",
                "40.00",
                null
            ]
        },
        {
            "id": "8",
            "cell": [
                "8",
                "2007-10-06",
                "Client 3",
                "200.00",
                "0.00",
                null
            ]
        }
    ]
}